pose,position_x,position_y,position_x,orientation_x,orientation_y,orientation_z,orientation_w,status,redundancy
pose,-0.04304480361529237,-0.48004231844531814,0.16743376664216053,0.7471683025360107,0.6636231220933695,0.034273220930755646,0.013008881047166495,2,0.3321221803851202
pose,-0.043038215456162834,-0.48002713110463296,0.16742256707559508,0.747181236743927,0.6636086423902471,0.034264257720237494,0.013029085361106725,2,0.3321210418850325
pose,0.23295168542140993,-0.4710981236981613,0.30548903654095416,0.6634501319367064,0.7470879554748535,-0.013871818085162352,0.03874330735650948,2,0.3371919869436238
