pose,position_x,position_y,position_x,orientation_x,orientation_y,orientation_z,orientation_w,status,redundancy
pose,-0.04522046930261964,-0.4846192836067855,0.21432747092964832,0.7467496991157532,0.6644791946295336,0.019851026526794227,0.020934521117754047,2,0.33191113822629525
pose,-0.044302564643167196,-0.48509189761835436,0.21342635318827285,0.7474566698074341,0.6637068078503126,0.020742770179032463,0.019276093890513067,2,0.5099485437374788
pose,-0.03389992997794261,-0.49108916412916004,0.17154968500816833,0.7521464824676514,0.6581015497741854,0.030897222901103062,0.014945320147275896,2,0.5099107933565888
pose,-0.03776802943861863,-0.4980387971681588,0.2141725633411445,0.7522820830345154,0.6583815407552754,0.008737537760128047,0.023001547773162455,2,0.5099098946211073
pose,0.2328472685255935,-0.4952819994934395,0.23046813453798598,0.6779109579501001,0.7342894077301025,0.004753881720585738,0.035117108164025385,2,0.5099076175118488
pose,0.2284701262889011,-0.5150275667548706,0.16248467476360298,0.7111144065856934,0.7011424327232914,0.036883992126005335,0.03681214392796298,2,0.5185249343839801
pose,0.22859750306835333,-0.5240505516751754,0.22930732389697284,0.7099592685699463,0.7017396654848547,0.01804918012959159,0.05651134785592683,2,0.5185261328797608
pose,0.10064104869743518,-0.476842214048268,0.2209379648055865,0.7370374798774719,0.6746330220204252,0.024954489662679078,0.03198971400124067,2,0.5185243950772412
