pose,position_x,position_y,position_x,orientation_x,orientation_y,orientation_z,orientation_w,status,redundancy
pose,-0.04515043400417908,-0.4846388574873649,0.21435983802124142,0.7466939091682434,0.6645407467981653,0.019860662138603817,0.020960807260270928,2,0.33205644692216696
pose,-0.034208063248426034,-0.4926750813648246,0.16672356317099118,0.745332658290863,0.6653350306723322,0.04079078185113639,0.012026741847583683,2,0.3320834113864456
pose,-0.03820072413170775,-0.5033160568665495,0.24910217541137927,0.7454610466957092,0.6658543479444203,0.008282448404043427,0.029278826458559178,2,0.3320843701176204
pose,0.23695963900684833,-0.4536632017111773,0.24927467938340578,0.677923052081226,0.7345238924026489,0.011367235855361703,0.027672807838788387,2,0.3320940174250608
pose,0.23712052605516248,-0.5093241118510449,0.20556803613236846,0.689881240821187,0.7231943607330322,0.020315891892211328,0.025318287871126034,2,0.33208820515140236
pose,0.22911569226342618,-0.5171233981513285,0.14812259225663368,0.6926029700121379,0.7203893065452576,0.0344786054581608,0.012311974028874394,2,0.3561165161011758
pose,0.18800729310015146,-0.5394078288374294,0.24701149255969404,0.7005020804266052,0.711548924446106,0.005481481354172032,0.05445130279530025,2,0.43515146075126193
